Person,Date,Time,Place
Brenton,23-Jan-20,1230-1330,PCD 4133
Brenton,30-Jan-20,1230-1330,PCD 4133
Brenton,6-Feb-20,1230-1330,PCD 4133
Brenton,13-Feb-20,1230-1330,PCD 4133
Brenton,20-Feb-20,1230-1330,PCD 4133
Brenton,27-Feb-20,1230-1330,PCD 4133
Brenton,5-Mar-20,1230-1330,PCD 4133
Brenton,12-Mar-20,1230-1330,PCD 4133
Brenton,19-Mar-20,1230-1330,PCD 4133
Brenton,26-Mar-20,1230-1330,PCD 4133
Brenton,2-Apr-20,1230-1330,PCD 4133
Brenton,9-Apr-20,1230-1330,PCD 4133
Brenton,16-Apr-20,1230-1330,PCD 4133
Brenton,23-Apr-20,1230-1330,PCD 4133
Brenton,30-Apr-20,1230-1330,PCD 4133
,,,
,,,
,,,
,,,
,,,
,,,
,,,
,,,
,,,
,,,
